{
  "13.mp3": 1779725589.1227329,
  "17 half.mp3": 1779725589.765495,
  "18 shmance.mp3": 1779725590.563088,
  "All Day All Night.mp3": 1779725591.12168,
  "ancestry.mp3": 1784393119.522906,
  "Anthem Of Balgadassi.mp3": 1779725591.7686875,
  "blo.mp3": 1779912949.1370828,
  "bloons_rocket_defense_6.mp3": 1784664895.4795659,
  "Botner and Outside Boys 1.mp3": 1779725592.5543878,
  "Botner and Outside Boys 2.mp3": 1779725593.4117355,
  "brand_new.mp3": 1784577136.0344372,
  "cheers.mp3": 1784393140.7586696,
  "cheer_for_ohad_gadassi.mp3": 1784394587.4966269,
  "chords.mp3": 1783454390.2779398,
  "Dalumi.mp3": 1779725594.764343,
  "dindandindandindandun.mp3": 1783969254.8724267,
  "DM.mp3": 1779725594.039409,
  "father.mp3": 1783967623.303262,
  "genesis apples.mp3": 1779725601.9145355,
  "Good Days (David Shall Arrive).mp3": 1779725595.71669,
  "He Told Me Take.mp3": 1779725596.505681,
  "home.mp3": 1779912259.3753765,
  "Ima Shell Raz (Avram).mp3": 1779725597.2327125,
  "inv.mp3": 1780774441.0892751,
  "Ishay Levi Rotze Lagaat.mp3": 1779725598.3118498,
  "Israeli Riddler.mp3": 1779725599.0895133,
  "its_got_a_nice_ring_to_it.mp3": 1784577142.4046729,
  "i_hope_we_can_see_heart_to_heart.mp3": 1784395616.8563707,
  "lmao.mp3": 1783967436.169563,
  "look.mp3": 1779741739.6759427,
  "marg.mp3": 1781635620.8712204,
  "Meyabesh Pri.mp3": 1779725599.6729283,
  "second half.mp3": 1779725602.4843113,
  "sof_shana.mp3": 1784664925.446565,
  "storm.mp3": 1781469186.8350093,
  "Temporal Time Shift.mp3": 1779725600.402142,
  "them_all.mp3": 1781471238.845652,
  "the_unshackled.mp3": 1784577157.6912398,
  "tub.mp3": 1779725603.1284096,
  "tux.mp3": 1779741115.2877765,
  "Woman From Sky - Tiger Edition.mp3": 1779725601.038723,
  "you_definitely_want_to_keep_this.mp3": 1783718801.6612017,
  "you_know_it.mp3": 1784577149.2583709,
  "Ze Tu'Bishvat.mp3": 1779725601.5932512
}